"","genus","aa_letter","species","sp_freq","sp_freq_codon","order","numb_codons","n"
"1","Achroia","A","Achroia grisella",0.070592925332715,0.0176482313331787,"Lepidoptera",4,1
"2","Achroia","C","Achroia grisella",0.0200080740160537,0.0100040370080269,"Lepidoptera",2,1
"3","Achroia","D","Achroia grisella",0.0552072709351271,0.0184024236450424,"Lepidoptera",3,1
"4","Achroia","E","Achroia grisella",0.0650191487838854,0.0325095743919427,"Lepidoptera",2,1
"5","Achroia","F","Achroia grisella",0.0341861592709198,0.0170930796354599,"Lepidoptera",2,1
"6","Achroia","G","Achroia grisella",0.0559214952859679,0.013980373821492,"Lepidoptera",4,1
"7","Achroia","H","Achroia grisella",0.0255876047398654,0.0127938023699327,"Lepidoptera",2,1
"8","Achroia","I","Achroia grisella",0.0548126556718852,0.0182708852239617,"Lepidoptera",3,1
"9","Achroia","K","Achroia grisella",0.0624044314819595,0.0312022157409798,"Lepidoptera",2,1
"10","Achroia","L","Achroia grisella",0.0899181705842335,0.0149863617640389,"Lepidoptera",6,1
"11","Achroia","M","Achroia grisella",0.0216887978630004,0.0216887978630004,"Lepidoptera",1,1
"12","Achroia","N","Achroia grisella",0.0494899428630614,0.0247449714315307,"Lepidoptera",2,1
"13","Achroia","P","Achroia grisella",0.0552672354954663,0.0138168088738666,"Lepidoptera",4,1
"14","Achroia","Q","Achroia grisella",0.0397215746532024,0.0198607873266012,"Lepidoptera",2,1
"15","Achroia","R","Achroia grisella",0.0575559838321816,0.00959266397203027,"Lepidoptera",6,1
"16","Achroia","S","Achroia grisella",0.0782141786707674,0.0130356964451279,"Lepidoptera",6,1
"17","Achroia","T","Achroia grisella",0.0588060531094199,0.014701513277355,"Lepidoptera",4,1
"18","Achroia","V","Achroia grisella",0.0624188673946337,0.0156047168486584,"Lepidoptera",4,1
"19","Achroia","W","Achroia grisella",0.0110498330734028,0.0110498330734028,"Lepidoptera",1,1
"20","Achroia","Y","Achroia grisella",0.0321295969422516,0.0160647984711258,"Lepidoptera",2,1
"21","Amyelois","A","Amyelois transitella",0.0727799588211925,0.0181949897052981,"Lepidoptera",4,82
"22","Amyelois","C","Amyelois transitella",0.0193807606311488,0.00969038031557442,"Lepidoptera",2,82
"23","Amyelois","D","Amyelois transitella",0.05599760394906,0.01866586798302,"Lepidoptera",3,82
"24","Amyelois","E","Amyelois transitella",0.0689637964489251,0.0344818982244625,"Lepidoptera",2,82
"25","Amyelois","F","Amyelois transitella",0.0338834163722479,0.016941708186124,"Lepidoptera",2,82
"26","Amyelois","G","Amyelois transitella",0.055752070664037,0.0139380176660093,"Lepidoptera",4,82
"27","Amyelois","H","Amyelois transitella",0.0250958907018536,0.0125479453509268,"Lepidoptera",2,82
"28","Amyelois","I","Amyelois transitella",0.051637552170293,0.0172125173900977,"Lepidoptera",3,82
"29","Amyelois","K","Amyelois transitella",0.0637223907775044,0.0318611953887522,"Lepidoptera",2,82
"30","Amyelois","L","Amyelois transitella",0.0889552492361924,0.0148258748726987,"Lepidoptera",6,82
"31","Amyelois","M","Amyelois transitella",0.0217795544654763,0.0217795544654763,"Lepidoptera",1,82
"32","Amyelois","N","Amyelois transitella",0.0466790185393114,0.0233395092696557,"Lepidoptera",2,82
"33","Amyelois","P","Amyelois transitella",0.0569416904900314,0.0142354226225078,"Lepidoptera",4,82
"34","Amyelois","Q","Amyelois transitella",0.0407193284686775,0.0203596642343387,"Lepidoptera",2,82
"35","Amyelois","R","Amyelois transitella",0.0579512525736755,0.00965854209561258,"Lepidoptera",6,82
"36","Amyelois","S","Amyelois transitella",0.0779295217719451,0.0129882536286575,"Lepidoptera",6,82
"37","Amyelois","T","Amyelois transitella",0.0574902693610737,0.0143725673402684,"Lepidoptera",4,82
"38","Amyelois","V","Amyelois transitella",0.0631510724274527,0.0157877681068632,"Lepidoptera",4,82
"39","Amyelois","W","Amyelois transitella",0.0108336363789194,0.0108336363789194,"Lepidoptera",1,82
"40","Amyelois","Y","Amyelois transitella",0.0303559657509824,0.0151779828754912,"Lepidoptera",2,82
"41","Aricia","A","Aricia agestis",0.0755103781490211,0.0188775945372553,"Lepidoptera",4,10
"42","Aricia","C","Aricia agestis",0.0192169055359605,0.00960845276798026,"Lepidoptera",2,10
"43","Aricia","D","Aricia agestis",0.0568342161068543,0.0189447387022848,"Lepidoptera",3,10
"44","Aricia","E","Aricia agestis",0.0689360048131556,0.0344680024065778,"Lepidoptera",2,10
"45","Aricia","F","Aricia agestis",0.0331043832138584,0.0165521916069292,"Lepidoptera",2,10
"46","Aricia","G","Aricia agestis",0.0569770838957829,0.0142442709739457,"Lepidoptera",4,10
"47","Aricia","H","Aricia agestis",0.0250355209395949,0.0125177604697974,"Lepidoptera",2,10
"48","Aricia","I","Aricia agestis",0.0495405937360394,0.0165135312453465,"Lepidoptera",3,10
"49","Aricia","K","Aricia agestis",0.0621027430061109,0.0310513715030555,"Lepidoptera",2,10
"50","Aricia","L","Aricia agestis",0.0893596838345334,0.0148932806390889,"Lepidoptera",6,10
"51","Aricia","M","Aricia agestis",0.021465172531466,0.021465172531466,"Lepidoptera",1,10
"52","Aricia","N","Aricia agestis",0.0461824879411746,0.0230912439705873,"Lepidoptera",2,10
"53","Aricia","P","Aricia agestis",0.0568271677514138,0.0142067919378535,"Lepidoptera",4,10
"54","Aricia","Q","Aricia agestis",0.0405674828952648,0.0202837414476324,"Lepidoptera",2,10
"55","Aricia","R","Aricia agestis",0.0599934632442915,0.00999891054071525,"Lepidoptera",6,10
"56","Aricia","S","Aricia agestis",0.0776099961202367,0.0129349993533728,"Lepidoptera",6,10
"57","Aricia","T","Aricia agestis",0.0571852875637945,0.0142963218909486,"Lepidoptera",4,10
"58","Aricia","V","Aricia agestis",0.0625725277754701,0.0156431319438675,"Lepidoptera",4,10
"59","Aricia","W","Aricia agestis",0.0107234788401638,0.0107234788401638,"Lepidoptera",1,10
"60","Aricia","Y","Aricia agestis",0.0302554221058126,0.0151277110529063,"Lepidoptera",2,10
"61","Bicyclus","A","Bicyclus anynana",0.0736800901978248,0.0184200225494562,"Lepidoptera",4,1
"62","Bicyclus","C","Bicyclus anynana",0.0217879249902912,0.0108939624951456,"Lepidoptera",2,1
"63","Bicyclus","D","Bicyclus anynana",0.056242881100018,0.0187476270333393,"Lepidoptera",3,1
"64","Bicyclus","E","Bicyclus anynana",0.067421272310828,0.033710636155414,"Lepidoptera",2,1
"65","Bicyclus","F","Bicyclus anynana",0.0331317291918274,0.0165658645959137,"Lepidoptera",2,1
"66","Bicyclus","G","Bicyclus anynana",0.0559759716838835,0.0139939929209709,"Lepidoptera",4,1
"67","Bicyclus","H","Bicyclus anynana",0.0256295415896235,0.0128147707948117,"Lepidoptera",2,1
"68","Bicyclus","I","Bicyclus anynana",0.0506341639894225,0.0168780546631408,"Lepidoptera",3,1
"69","Bicyclus","K","Bicyclus anynana",0.0625529092471791,0.0312764546235896,"Lepidoptera",2,1
"70","Bicyclus","L","Bicyclus anynana",0.0883768958096069,0.0147294826349345,"Lepidoptera",6,1
"71","Bicyclus","M","Bicyclus anynana",0.0209838854017568,0.0209838854017568,"Lepidoptera",1,1
"72","Bicyclus","N","Bicyclus anynana",0.0475599312134545,0.0237799656067272,"Lepidoptera",2,1
"73","Bicyclus","P","Bicyclus anynana",0.0577671756709834,0.0144417939177458,"Lepidoptera",4,1
"74","Bicyclus","Q","Bicyclus anynana",0.0404611880518531,0.0202305940259266,"Lepidoptera",2,1
"75","Bicyclus","R","Bicyclus anynana",0.0584801149019624,0.00974668581699373,"Lepidoptera",6,1
"76","Bicyclus","S","Bicyclus anynana",0.0775067672626129,0.0129177945437688,"Lepidoptera",6,1
"77","Bicyclus","T","Bicyclus anynana",0.0582246026565111,0.0145561506641278,"Lepidoptera",4,1
"78","Bicyclus","V","Bicyclus anynana",0.0626390040905832,0.0156597510226458,"Lepidoptera",4,1
"79","Bicyclus","W","Bicyclus anynana",0.0105851222720044,0.0105851222720044,"Lepidoptera",1,1
"80","Bicyclus","Y","Bicyclus anynana",0.0303588283677735,0.0151794141838867,"Lepidoptera",2,1
"81","Bombyx","A","Bombyx mandarina",0.072625640325516,0.018156410081379,"Lepidoptera",4,1
"82","Bombyx","C","Bombyx mandarina",0.0197545078539645,0.00987725392698224,"Lepidoptera",2,1
"83","Bombyx","D","Bombyx mandarina",0.0559359485683453,0.0186453161894484,"Lepidoptera",3,1
"84","Bombyx","E","Bombyx mandarina",0.0684668836050668,0.0342334418025334,"Lepidoptera",2,1
"85","Bombyx","F","Bombyx mandarina",0.0338336072855141,0.016916803642757,"Lepidoptera",2,1
"86","Bombyx","G","Bombyx mandarina",0.056743151249074,0.0141857878122685,"Lepidoptera",4,1
"87","Bombyx","H","Bombyx mandarina",0.0253508129861327,0.0126754064930663,"Lepidoptera",2,1
"88","Bombyx","I","Bombyx mandarina",0.0512831867472497,0.0170943955824166,"Lepidoptera",3,1
"89","Bombyx","K","Bombyx mandarina",0.0622238792161663,0.0311119396080832,"Lepidoptera",2,1
"90","Bombyx","L","Bombyx mandarina",0.0901208810360932,0.0150201468393489,"Lepidoptera",6,1
"91","Bombyx","M","Bombyx mandarina",0.0214562851422798,0.0214562851422798,"Lepidoptera",1,1
"92","Bombyx","N","Bombyx mandarina",0.0464950030332115,0.0232475015166058,"Lepidoptera",2,1
"93","Bombyx","P","Bombyx mandarina",0.0563102421856101,0.0140775605464025,"Lepidoptera",4,1
"94","Bombyx","Q","Bombyx mandarina",0.0403111653329509,0.0201555826664754,"Lepidoptera",2,1
"95","Bombyx","R","Bombyx mandarina",0.0587541755466465,0.00979236259110774,"Lepidoptera",6,1
"96","Bombyx","S","Bombyx mandarina",0.0784665133538941,0.013077752225649,"Lepidoptera",6,1
"97","Bombyx","T","Bombyx mandarina",0.0580030158473933,0.0145007539618483,"Lepidoptera",4,1
"98","Bombyx","V","Bombyx mandarina",0.0625767662519823,0.0156441915629956,"Lepidoptera",4,1
"99","Bombyx","W","Bombyx mandarina",0.0108094967680196,0.0108094967680196,"Lepidoptera",1,1
"100","Bombyx","Y","Bombyx mandarina",0.0304788376648892,0.0152394188324446,"Lepidoptera",2,1
"101","Bombyx","A","Bombyx mori",0.0722129468247475,0.0180532367061869,"Lepidoptera",4,8
"102","Bombyx","C","Bombyx mori",0.0203214802700414,0.0101607401350207,"Lepidoptera",2,8
"103","Bombyx","D","Bombyx mori",0.0567223178370164,0.0189074392790055,"Lepidoptera",3,8
"104","Bombyx","E","Bombyx mori",0.0690035122091746,0.0345017561045873,"Lepidoptera",2,8
"105","Bombyx","F","Bombyx mori",0.0323909267706998,0.0161954633853499,"Lepidoptera",2,8
"106","Bombyx","G","Bombyx mori",0.0565734810050561,0.014143370251264,"Lepidoptera",4,8
"107","Bombyx","H","Bombyx mori",0.0251197829836326,0.0125598914918163,"Lepidoptera",2,8
"108","Bombyx","I","Bombyx mori",0.051245413900595,0.0170818046335317,"Lepidoptera",3,8
"109","Bombyx","K","Bombyx mori",0.062974922177951,0.0314874610889755,"Lepidoptera",2,8
"110","Bombyx","L","Bombyx mori",0.0879830927188487,0.0146638487864748,"Lepidoptera",6,8
"111","Bombyx","M","Bombyx mori",0.0207852366493483,0.0207852366493483,"Lepidoptera",1,8
"112","Bombyx","N","Bombyx mori",0.0456623627661863,0.0228311813830931,"Lepidoptera",2,8
"113","Bombyx","P","Bombyx mori",0.0584541931725977,0.0146135482931494,"Lepidoptera",4,8
"114","Bombyx","Q","Bombyx mori",0.0404713518550073,0.0202356759275036,"Lepidoptera",2,8
"115","Bombyx","R","Bombyx mori",0.0582411700773235,0.00970686167955392,"Lepidoptera",6,8
"116","Bombyx","S","Bombyx mori",0.0801260139698943,0.013354335661649,"Lepidoptera",6,8
"117","Bombyx","T","Bombyx mori",0.0596275204949714,0.0149068801237429,"Lepidoptera",4,8
"118","Bombyx","V","Bombyx mori",0.0621464517991525,0.0155366129497881,"Lepidoptera",4,8
"119","Bombyx","W","Bombyx mori",0.0104117770437617,0.0104117770437617,"Lepidoptera",1,8
"120","Bombyx","Y","Bombyx mori",0.029526045473994,0.014763022736997,"Lepidoptera",2,8
"121","Colias","A","Colias croceus",0.0716265885668361,0.017906647141709,"Lepidoptera",4,16
"122","Colias","C","Colias croceus",0.0196492357373315,0.00982461786866573,"Lepidoptera",2,16
"123","Colias","D","Colias croceus",0.0561995714486252,0.0187331904828751,"Lepidoptera",3,16
"124","Colias","E","Colias croceus",0.067502347338869,0.0337511736694345,"Lepidoptera",2,16
"125","Colias","F","Colias croceus",0.0339580967172112,0.0169790483586056,"Lepidoptera",2,16
"126","Colias","G","Colias croceus",0.0556810716264152,0.0139202679066038,"Lepidoptera",4,16
"127","Colias","H","Colias croceus",0.0252037734648265,0.0126018867324133,"Lepidoptera",2,16
"128","Colias","I","Colias croceus",0.052565303882081,0.0175217679606937,"Lepidoptera",3,16
"129","Colias","K","Colias croceus",0.0634720950418845,0.0317360475209422,"Lepidoptera",2,16
"130","Colias","L","Colias croceus",0.088798123481513,0.0147996872469188,"Lepidoptera",6,16
"131","Colias","M","Colias croceus",0.0220366759722067,0.0220366759722067,"Lepidoptera",1,16
"132","Colias","N","Colias croceus",0.0487397636386479,0.024369881819324,"Lepidoptera",2,16
"133","Colias","P","Colias croceus",0.055821274671986,0.0139553186679965,"Lepidoptera",4,16
"134","Colias","Q","Colias croceus",0.0408965434183341,0.020448271709167,"Lepidoptera",2,16
"135","Colias","R","Colias croceus",0.0582614319456411,0.00971023865760685,"Lepidoptera",6,16
"136","Colias","S","Colias croceus",0.0781474608292026,0.0130245768048671,"Lepidoptera",6,16
"137","Colias","T","Colias croceus",0.0579987138083006,0.0144996784520751,"Lepidoptera",4,16
"138","Colias","V","Colias croceus",0.0617992828228379,0.0154498207057095,"Lepidoptera",4,16
"139","Colias","W","Colias croceus",0.0107939871014932,0.0107939871014932,"Lepidoptera",1,16
"140","Colias","Y","Colias croceus",0.0308486584857568,0.0154243292428784,"Lepidoptera",2,16
"141","Cydia","A","Cydia pomonella",0.0773626712256988,0.0193406678064247,"Lepidoptera",4,72
"142","Cydia","C","Cydia pomonella",0.0204255677696299,0.0102127838848149,"Lepidoptera",2,72
"143","Cydia","D","Cydia pomonella",0.0549948789399059,0.018331626313302,"Lepidoptera",3,72
"144","Cydia","E","Cydia pomonella",0.0659711427510134,0.0329855713755067,"Lepidoptera",2,72
"145","Cydia","F","Cydia pomonella",0.0335321308930482,0.0167660654465241,"Lepidoptera",2,72
"146","Cydia","G","Cydia pomonella",0.0581726630374703,0.0145431657593676,"Lepidoptera",4,72
"147","Cydia","H","Cydia pomonella",0.0260800789255216,0.0130400394627608,"Lepidoptera",2,72
"148","Cydia","I","Cydia pomonella",0.0484173081807069,0.0161391027269023,"Lepidoptera",3,72
"149","Cydia","K","Cydia pomonella",0.0614940092604581,0.030747004630229,"Lepidoptera",2,72
"150","Cydia","L","Cydia pomonella",0.0891313306743964,0.0148552217790661,"Lepidoptera",6,72
"151","Cydia","M","Cydia pomonella",0.0216879751508541,0.0216879751508541,"Lepidoptera",1,72
"152","Cydia","N","Cydia pomonella",0.044517717830465,0.0222588589152325,"Lepidoptera",2,72
"153","Cydia","P","Cydia pomonella",0.0596504136068295,0.0149126034017074,"Lepidoptera",4,72
"154","Cydia","Q","Cydia pomonella",0.040210012883439,0.0201050064417195,"Lepidoptera",2,72
"155","Cydia","R","Cydia pomonella",0.0597407708234655,0.00995679513724425,"Lepidoptera",6,72
"156","Cydia","S","Cydia pomonella",0.0772873151295904,0.0128812191882651,"Lepidoptera",6,72
"157","Cydia","T","Cydia pomonella",0.0574305281635173,0.0143576320408793,"Lepidoptera",4,72
"158","Cydia","V","Cydia pomonella",0.0625862871112125,0.0156465717778031,"Lepidoptera",4,72
"159","Cydia","W","Cydia pomonella",0.0109752123306968,0.0109752123306968,"Lepidoptera",1,72
"160","Cydia","Y","Cydia pomonella",0.0303319853120804,0.0151659926560402,"Lepidoptera",2,72
"161","Danaus","A","Danaus plexippus",0.0698410111997388,0.0174602527999347,"Lepidoptera",4,123
"162","Danaus","C","Danaus plexippus",0.0196567190819927,0.00982835954099633,"Lepidoptera",2,123
"163","Danaus","D","Danaus plexippus",0.0562542861927983,0.0187514287309328,"Lepidoptera",3,123
"164","Danaus","E","Danaus plexippus",0.0673572464962955,0.0336786232481478,"Lepidoptera",2,123
"165","Danaus","F","Danaus plexippus",0.0337013398675131,0.0168506699337566,"Lepidoptera",2,123
"166","Danaus","G","Danaus plexippus",0.0584891804102889,0.0146222951025722,"Lepidoptera",4,123
"167","Danaus","H","Danaus plexippus",0.0251540599822414,0.0125770299911207,"Lepidoptera",2,123
"168","Danaus","I","Danaus plexippus",0.0513469295067262,0.0171156431689087,"Lepidoptera",3,123
"169","Danaus","K","Danaus plexippus",0.0619831665396264,0.0309915832698132,"Lepidoptera",2,123
"170","Danaus","L","Danaus plexippus",0.0900951652231153,0.0150158608705192,"Lepidoptera",6,123
"171","Danaus","M","Danaus plexippus",0.0218270673257429,0.0218270673257429,"Lepidoptera",1,123
"172","Danaus","N","Danaus plexippus",0.0477383479534958,0.0238691739767479,"Lepidoptera",2,123
"173","Danaus","P","Danaus plexippus",0.0561177435181103,0.0140294358795276,"Lepidoptera",4,123
"174","Danaus","Q","Danaus plexippus",0.0407725659041117,0.0203862829520559,"Lepidoptera",2,123
"175","Danaus","R","Danaus plexippus",0.0586162477036373,0.00976937461727288,"Lepidoptera",6,123
"176","Danaus","S","Danaus plexippus",0.0800358736317792,0.0133393122719632,"Lepidoptera",6,123
"177","Danaus","T","Danaus plexippus",0.0570653626382312,0.0142663406595578,"Lepidoptera",4,123
"178","Danaus","V","Danaus plexippus",0.0624947561457971,0.0156236890364493,"Lepidoptera",4,123
"179","Danaus","W","Danaus plexippus",0.0105524163518195,0.0105524163518195,"Lepidoptera",1,123
"180","Danaus","Y","Danaus plexippus",0.0309005143269386,0.0154502571634693,"Lepidoptera",2,123
"181","Galleria","A","Galleria mellonella",0.0724145585315362,0.018103639632884,"Lepidoptera",4,1
"182","Galleria","C","Galleria mellonella",0.0204923264413439,0.010246163220672,"Lepidoptera",2,1
"183","Galleria","D","Galleria mellonella",0.0549596065179025,0.0183198688393008,"Lepidoptera",3,1
"184","Galleria","E","Galleria mellonella",0.06769593412084,0.03384796706042,"Lepidoptera",2,1
"185","Galleria","F","Galleria mellonella",0.0329803402421468,0.0164901701210734,"Lepidoptera",2,1
"186","Galleria","G","Galleria mellonella",0.056414173589962,0.0141035433974905,"Lepidoptera",4,1
"187","Galleria","H","Galleria mellonella",0.0254043045326355,0.0127021522663178,"Lepidoptera",2,1
"188","Galleria","I","Galleria mellonella",0.0531908765021054,0.0177302921673685,"Lepidoptera",3,1
"189","Galleria","K","Galleria mellonella",0.0620349680278506,0.0310174840139253,"Lepidoptera",2,1
"190","Galleria","L","Galleria mellonella",0.0884207558554418,0.0147367926425736,"Lepidoptera",6,1
"191","Galleria","M","Galleria mellonella",0.0211300698596854,0.0211300698596854,"Lepidoptera",1,1
"192","Galleria","N","Galleria mellonella",0.0481347660438858,0.0240673830219429,"Lepidoptera",2,1
"193","Galleria","P","Galleria mellonella",0.0569541365511074,0.0142385341377769,"Lepidoptera",4,1
"194","Galleria","Q","Galleria mellonella",0.0410860384884186,0.0205430192442093,"Lepidoptera",2,1
"195","Galleria","R","Galleria mellonella",0.0574571651333872,0.00957619418889786,"Lepidoptera",6,1
"196","Galleria","S","Galleria mellonella",0.0791629551417254,0.0131938258569542,"Lepidoptera",6,1
"197","Galleria","T","Galleria mellonella",0.0589097456950296,0.0147274364237574,"Lepidoptera",4,1
"198","Galleria","V","Galleria mellonella",0.0618398485602177,0.0154599621400544,"Lepidoptera",4,1
"199","Galleria","W","Galleria mellonella",0.0106596148980335,0.0106596148980335,"Lepidoptera",1,1
"200","Galleria","Y","Galleria mellonella",0.0306578152667446,0.0153289076333723,"Lepidoptera",2,1
"201","Helicoverpa","A","Helicoverpa armigera",0.0756743680341873,0.0189185920085468,"Lepidoptera",4,292
"202","Helicoverpa","C","Helicoverpa armigera",0.0185548725729083,0.00927743628645413,"Lepidoptera",2,292
"203","Helicoverpa","D","Helicoverpa armigera",0.0572848890074648,0.0190949630024883,"Lepidoptera",3,292
"204","Helicoverpa","E","Helicoverpa armigera",0.0689504324616771,0.0344752162308386,"Lepidoptera",2,292
"205","Helicoverpa","F","Helicoverpa armigera",0.0317091335819564,0.0158545667909782,"Lepidoptera",2,292
"206","Helicoverpa","G","Helicoverpa armigera",0.0579809470147577,0.0144952367536894,"Lepidoptera",4,292
"207","Helicoverpa","H","Helicoverpa armigera",0.0250731346842678,0.0125365673421339,"Lepidoptera",2,292
"208","Helicoverpa","I","Helicoverpa armigera",0.0478444595767342,0.0159481531922447,"Lepidoptera",3,292
"209","Helicoverpa","K","Helicoverpa armigera",0.0624197585160551,0.0312098792580276,"Lepidoptera",2,292
"210","Helicoverpa","L","Helicoverpa armigera",0.086241229970622,0.014373538328437,"Lepidoptera",6,292
"211","Helicoverpa","M","Helicoverpa armigera",0.0212201968879902,0.0212201968879902,"Lepidoptera",1,292
"212","Helicoverpa","N","Helicoverpa armigera",0.04412933997788,0.02206466998894,"Lepidoptera",2,292
"213","Helicoverpa","P","Helicoverpa armigera",0.0614814941014807,0.0153703735253702,"Lepidoptera",4,292
"214","Helicoverpa","Q","Helicoverpa armigera",0.0417121938016588,0.0208560969008294,"Lepidoptera",2,292
"215","Helicoverpa","R","Helicoverpa armigera",0.0574537953369324,0.0095756325561554,"Lepidoptera",6,292
"216","Helicoverpa","S","Helicoverpa armigera",0.0791514965656982,0.013191916094283,"Lepidoptera",6,292
"217","Helicoverpa","T","Helicoverpa armigera",0.0603369707618753,0.0150842426904688,"Lepidoptera",4,292
"218","Helicoverpa","V","Helicoverpa armigera",0.0630832061852151,0.0157708015463038,"Lepidoptera",4,292
"219","Helicoverpa","W","Helicoverpa armigera",0.0103903445765231,0.0103903445765231,"Lepidoptera",1,292
"220","Helicoverpa","Y","Helicoverpa armigera",0.0293077363841154,0.0146538681920577,"Lepidoptera",2,292
"221","Helicoverpa","A","Helicoverpa zea",0.0760762518276706,0.0190190629569176,"Lepidoptera",4,258
"222","Helicoverpa","C","Helicoverpa zea",0.0190337298332229,0.00951686491661143,"Lepidoptera",2,258
"223","Helicoverpa","D","Helicoverpa zea",0.0563208050120396,0.0187736016706799,"Lepidoptera",3,258
"224","Helicoverpa","E","Helicoverpa zea",0.0682872693860371,0.0341436346930185,"Lepidoptera",2,258
"225","Helicoverpa","F","Helicoverpa zea",0.0325414784595321,0.0162707392297661,"Lepidoptera",2,258
"226","Helicoverpa","G","Helicoverpa zea",0.0570323529602094,0.0142580882400524,"Lepidoptera",4,258
"227","Helicoverpa","H","Helicoverpa zea",0.0253687537151642,0.0126843768575821,"Lepidoptera",2,258
"228","Helicoverpa","I","Helicoverpa zea",0.0490576967535678,0.0163525655845226,"Lepidoptera",3,258
"229","Helicoverpa","K","Helicoverpa zea",0.0624786885842777,0.0312393442921389,"Lepidoptera",2,258
"230","Helicoverpa","L","Helicoverpa zea",0.0876335370198002,0.0146055895033,"Lepidoptera",6,258
"231","Helicoverpa","M","Helicoverpa zea",0.0217792979654323,0.0217792979654323,"Lepidoptera",1,258
"232","Helicoverpa","N","Helicoverpa zea",0.0451419074505527,0.0225709537252764,"Lepidoptera",2,258
"233","Helicoverpa","P","Helicoverpa zea",0.0585096362977348,0.0146274090744337,"Lepidoptera",4,258
"234","Helicoverpa","Q","Helicoverpa zea",0.0414445034912143,0.0207222517456072,"Lepidoptera",2,258
"235","Helicoverpa","R","Helicoverpa zea",0.0582110364741924,0.00970183941236541,"Lepidoptera",6,258
"236","Helicoverpa","S","Helicoverpa zea",0.0778614506774461,0.012976908446241,"Lepidoptera",6,258
"237","Helicoverpa","T","Helicoverpa zea",0.0592893096640884,0.0148223274160221,"Lepidoptera",4,258
"238","Helicoverpa","V","Helicoverpa zea",0.063420426489296,0.015855106622324,"Lepidoptera",4,258
"239","Helicoverpa","W","Helicoverpa zea",0.0106582856757633,0.0106582856757633,"Lepidoptera",1,258
"240","Helicoverpa","Y","Helicoverpa zea",0.029853582262758,0.014926791131379,"Lepidoptera",2,258
"241","Leguminivora","A","Leguminivora glycinivorella",0.0770869116852569,0.0192717279213142,"Lepidoptera",4,8
"242","Leguminivora","C","Leguminivora glycinivorella",0.0207800782630043,0.0103900391315021,"Lepidoptera",2,8
"243","Leguminivora","D","Leguminivora glycinivorella",0.0549109340398591,0.018303644679953,"Lepidoptera",3,8
"244","Leguminivora","E","Leguminivora glycinivorella",0.0668095551102339,0.033404777555117,"Lepidoptera",2,8
"245","Leguminivora","F","Leguminivora glycinivorella",0.0330557395466506,0.0165278697733253,"Lepidoptera",2,8
"246","Leguminivora","G","Leguminivora glycinivorella",0.0576137152693707,0.0144034288173427,"Lepidoptera",4,8
"247","Leguminivora","H","Leguminivora glycinivorella",0.0262744056058309,0.0131372028029154,"Lepidoptera",2,8
"248","Leguminivora","I","Leguminivora glycinivorella",0.0482784960331613,0.0160928320110538,"Lepidoptera",3,8
"249","Leguminivora","K","Leguminivora glycinivorella",0.0625579361406561,0.0312789680703281,"Lepidoptera",2,8
"250","Leguminivora","L","Leguminivora glycinivorella",0.0885575411621883,0.0147595901936981,"Lepidoptera",6,8
"251","Leguminivora","M","Leguminivora glycinivorella",0.021546622828829,0.021546622828829,"Lepidoptera",1,8
"252","Leguminivora","N","Leguminivora glycinivorella",0.0440644379157433,0.0220322189578716,"Lepidoptera",2,8
"253","Leguminivora","P","Leguminivora glycinivorella",0.0585507153615885,0.0146376788403971,"Lepidoptera",4,8
"254","Leguminivora","Q","Leguminivora glycinivorella",0.040575489522754,0.020287744761377,"Lepidoptera",2,8
"255","Leguminivora","R","Leguminivora glycinivorella",0.0592767514747477,0.00987945857912462,"Lepidoptera",6,8
"256","Leguminivora","S","Leguminivora glycinivorella",0.0762982180070599,0.0127163696678433,"Lepidoptera",6,8
"257","Leguminivora","T","Leguminivora glycinivorella",0.0588799202295086,0.0147199800573771,"Lepidoptera",4,8
"258","Leguminivora","V","Leguminivora glycinivorella",0.0636749082980428,0.0159187270745107,"Lepidoptera",4,8
"259","Leguminivora","W","Leguminivora glycinivorella",0.0110078561975196,0.0110078561975196,"Lepidoptera",1,8
"260","Leguminivora","Y","Leguminivora glycinivorella",0.0301997673079944,0.0150998836539972,"Lepidoptera",2,8
"261","Leptidea","A","Leptidea sinapis",0.0675491848625055,0.0168872962156264,"Lepidoptera",4,16
"262","Leptidea","C","Leptidea sinapis",0.0190851421169916,0.0095425710584958,"Lepidoptera",2,16
"263","Leptidea","D","Leptidea sinapis",0.056873140719993,0.018957713573331,"Lepidoptera",3,16
"264","Leptidea","E","Leptidea sinapis",0.0687924390627979,0.034396219531399,"Lepidoptera",2,16
"265","Leptidea","F","Leptidea sinapis",0.0340485793298591,0.0170242896649296,"Lepidoptera",2,16
"266","Leptidea","G","Leptidea sinapis",0.0567955485112673,0.0141988871278168,"Lepidoptera",4,16
"267","Leptidea","H","Leptidea sinapis",0.024605370346511,0.0123026851732555,"Lepidoptera",2,16
"268","Leptidea","I","Leptidea sinapis",0.0538672050007331,0.0179557350002444,"Lepidoptera",3,16
"269","Leptidea","K","Leptidea sinapis",0.0656529193772056,0.0328264596886028,"Lepidoptera",2,16
"270","Leptidea","L","Leptidea sinapis",0.0874406591136242,0.014573443185604,"Lepidoptera",6,16
"271","Leptidea","M","Leptidea sinapis",0.0213808888865171,0.0213808888865171,"Lepidoptera",1,16
"272","Leptidea","N","Leptidea sinapis",0.0501896223131474,0.0250948111565737,"Lepidoptera",2,16
"273","Leptidea","P","Leptidea sinapis",0.0540987957197901,0.0135246989299475,"Lepidoptera",4,16
"274","Leptidea","Q","Leptidea sinapis",0.0402454522791398,0.0201227261395699,"Lepidoptera",2,16
"275","Leptidea","R","Leptidea sinapis",0.0564601062115358,0.00941001770192264,"Lepidoptera",6,16
"276","Leptidea","S","Leptidea sinapis",0.0801463138321919,0.013357718972032,"Lepidoptera",6,16
"277","Leptidea","T","Leptidea sinapis",0.0582350703399631,0.0145587675849908,"Lepidoptera",4,16
"278","Leptidea","V","Leptidea sinapis",0.062390065351106,0.0155975163377765,"Lepidoptera",4,16
"279","Leptidea","W","Leptidea sinapis",0.0110512990384242,0.0110512990384242,"Lepidoptera",1,16
"280","Leptidea","Y","Leptidea sinapis",0.031092197586696,0.015546098793348,"Lepidoptera",2,16
"281","Manduca","A","Manduca sexta",0.0752126924085893,0.0188031731021473,"Lepidoptera",4,124
"282","Manduca","C","Manduca sexta",0.0197452264406409,0.00987261322032045,"Lepidoptera",2,124
"283","Manduca","D","Manduca sexta",0.0553844909392609,0.0184614969797536,"Lepidoptera",3,124
"284","Manduca","E","Manduca sexta",0.0679183382708689,0.0339591691354345,"Lepidoptera",2,124
"285","Manduca","F","Manduca sexta",0.0327661982674159,0.0163830991337079,"Lepidoptera",2,124
"286","Manduca","G","Manduca sexta",0.0597958724913647,0.0149489681228412,"Lepidoptera",4,124
"287","Manduca","H","Manduca sexta",0.0255089370958412,0.0127544685479206,"Lepidoptera",2,124
"288","Manduca","I","Manduca sexta",0.0497043511836902,0.0165681170612301,"Lepidoptera",3,124
"289","Manduca","K","Manduca sexta",0.0604188555613305,0.0302094277806653,"Lepidoptera",2,124
"290","Manduca","L","Manduca sexta",0.0875442415553542,0.0145907069258924,"Lepidoptera",6,124
"291","Manduca","M","Manduca sexta",0.0220419365030986,0.0220419365030986,"Lepidoptera",1,124
"292","Manduca","N","Manduca sexta",0.0455203688798654,0.0227601844399327,"Lepidoptera",2,124
"293","Manduca","P","Manduca sexta",0.0588749539503488,0.0147187384875872,"Lepidoptera",4,124
"294","Manduca","Q","Manduca sexta",0.0403522312312943,0.0201761156156472,"Lepidoptera",2,124
"295","Manduca","R","Manduca sexta",0.0575547273942579,0.00959245456570964,"Lepidoptera",6,124
"296","Manduca","S","Manduca sexta",0.0782921534373635,0.0130486922395606,"Lepidoptera",6,124
"297","Manduca","T","Manduca sexta",0.0592869987068111,0.0148217496767028,"Lepidoptera",4,124
"298","Manduca","V","Manduca sexta",0.0625381450507779,0.0156345362626945,"Lepidoptera",4,124
"299","Manduca","W","Manduca sexta",0.0106818059596926,0.0106818059596926,"Lepidoptera",1,124
"300","Manduca","Y","Manduca sexta",0.0308574746721332,0.0154287373360666,"Lepidoptera",2,124
"301","Maniola","A","Maniola jurtina",0.0717505677494235,0.0179376419373559,"Lepidoptera",4,19
"302","Maniola","C","Maniola jurtina",0.0206822528748546,0.0103411264374273,"Lepidoptera",2,19
"303","Maniola","D","Maniola jurtina",0.0561734471873365,0.0187244823957788,"Lepidoptera",3,19
"304","Maniola","E","Maniola jurtina",0.0693253762926963,0.0346626881463481,"Lepidoptera",2,19
"305","Maniola","F","Maniola jurtina",0.0330054539069384,0.0165027269534692,"Lepidoptera",2,19
"306","Maniola","G","Maniola jurtina",0.0563014559073995,0.0140753639768499,"Lepidoptera",4,19
"307","Maniola","H","Maniola jurtina",0.0251624312729805,0.0125812156364902,"Lepidoptera",2,19
"308","Maniola","I","Maniola jurtina",0.0507816108467704,0.0169272036155901,"Lepidoptera",3,19
"309","Maniola","K","Maniola jurtina",0.0635168617410086,0.0317584308705043,"Lepidoptera",2,19
"310","Maniola","L","Maniola jurtina",0.0878330659774949,0.0146388443295825,"Lepidoptera",6,19
"311","Maniola","M","Maniola jurtina",0.021152061996037,0.021152061996037,"Lepidoptera",1,19
"312","Maniola","N","Maniola jurtina",0.0476350943736205,0.0238175471868102,"Lepidoptera",2,19
"313","Maniola","P","Maniola jurtina",0.0577697203646657,0.0144424300911664,"Lepidoptera",4,19
"314","Maniola","Q","Maniola jurtina",0.0412086001317621,0.0206043000658811,"Lepidoptera",2,19
"315","Maniola","R","Maniola jurtina",0.0581775222900969,0.00969625371501615,"Lepidoptera",6,19
"316","Maniola","S","Maniola jurtina",0.0794518234204983,0.013241970570083,"Lepidoptera",6,19
"317","Maniola","T","Maniola jurtina",0.0586810612969027,0.0146702653242257,"Lepidoptera",4,19
"318","Maniola","V","Maniola jurtina",0.0612559449715937,0.0153139862428984,"Lepidoptera",4,19
"319","Maniola","W","Maniola jurtina",0.0103338986047937,0.0103338986047937,"Lepidoptera",1,19
"320","Maniola","Y","Maniola jurtina",0.0298017487931263,0.0149008743965632,"Lepidoptera",2,19
"321","Melitaea","A","Melitaea cinxia",0.068835841718031,0.0172089604295078,"Lepidoptera",4,25
"322","Melitaea","C","Melitaea cinxia",0.0203941401812624,0.0101970700906312,"Lepidoptera",2,25
"323","Melitaea","D","Melitaea cinxia",0.0552569895136287,0.0184189965045429,"Lepidoptera",3,25
"324","Melitaea","E","Melitaea cinxia",0.0662802715848613,0.0331401357924306,"Lepidoptera",2,25
"325","Melitaea","F","Melitaea cinxia",0.0362299458099268,0.0181149729049634,"Lepidoptera",2,25
"326","Melitaea","G","Melitaea cinxia",0.0540896222746177,0.0135224055686544,"Lepidoptera",4,25
"327","Melitaea","H","Melitaea cinxia",0.0245496288071839,0.0122748144035919,"Lepidoptera",2,25
"328","Melitaea","I","Melitaea cinxia",0.05625289968941,0.0187509665631367,"Lepidoptera",3,25
"329","Melitaea","K","Melitaea cinxia",0.066251087403886,0.033125543701943,"Lepidoptera",2,25
"330","Melitaea","L","Melitaea cinxia",0.0919547942248154,0.0153257990374692,"Lepidoptera",6,25
"331","Melitaea","M","Melitaea cinxia",0.021287124004497,0.021287124004497,"Lepidoptera",1,25
"332","Melitaea","N","Melitaea cinxia",0.050221676003216,0.025110838001608,"Lepidoptera",2,25
"333","Melitaea","P","Melitaea cinxia",0.0526315858045538,0.0131578964511385,"Lepidoptera",4,25
"334","Melitaea","Q","Melitaea cinxia",0.0384918501220329,0.0192459250610164,"Lepidoptera",2,25
"335","Melitaea","R","Melitaea cinxia",0.0571754585531864,0.00952924309219774,"Lepidoptera",6,25
"336","Melitaea","S","Melitaea cinxia",0.076619028268397,0.0127698380447328,"Lepidoptera",6,25
"337","Melitaea","T","Melitaea cinxia",0.0571187839160246,0.0142796959790062,"Lepidoptera",4,25
"338","Melitaea","V","Melitaea cinxia",0.0625815675058118,0.0156453918764529,"Lepidoptera",4,25
"339","Melitaea","W","Melitaea cinxia",0.0113375331628056,0.0113375331628056,"Lepidoptera",1,25
"340","Melitaea","Y","Melitaea cinxia",0.0324401714518518,0.0162200857259259,"Lepidoptera",2,25
"341","Nymphalis","A","Nymphalis io",0.0724840176098546,0.0181210044024637,"Lepidoptera",4,2
"342","Nymphalis","C","Nymphalis io",0.019506746505422,0.00975337325271102,"Lepidoptera",2,2
"343","Nymphalis","D","Nymphalis io",0.0567030463380311,0.0189010154460104,"Lepidoptera",3,2
"344","Nymphalis","E","Nymphalis io",0.0684151194011082,0.0342075597005541,"Lepidoptera",2,2
"345","Nymphalis","F","Nymphalis io",0.0331829300427229,0.0165914650213615,"Lepidoptera",2,2
"346","Nymphalis","G","Nymphalis io",0.0578651937444195,0.0144662984361049,"Lepidoptera",4,2
"347","Nymphalis","H","Nymphalis io",0.0247885812718046,0.0123942906359023,"Lepidoptera",2,2
"348","Nymphalis","I","Nymphalis io",0.0523431570978747,0.0174477190326249,"Lepidoptera",3,2
"349","Nymphalis","K","Nymphalis io",0.0626773670903993,0.0313386835451997,"Lepidoptera",2,2
"350","Nymphalis","L","Nymphalis io",0.0882032204271281,0.0147005367378547,"Lepidoptera",6,2
"351","Nymphalis","M","Nymphalis io",0.0210510368569683,0.0210510368569683,"Lepidoptera",1,2
"352","Nymphalis","N","Nymphalis io",0.0478463030237159,0.023923151511858,"Lepidoptera",2,2
"353","Nymphalis","P","Nymphalis io",0.0572779984872258,0.0143194996218064,"Lepidoptera",4,2
"354","Nymphalis","Q","Nymphalis io",0.0410434793048821,0.0205217396524411,"Lepidoptera",2,2
"355","Nymphalis","R","Nymphalis io",0.0577110095714249,0.00961850159523748,"Lepidoptera",6,2
"356","Nymphalis","S","Nymphalis io",0.0782238236031957,0.0130373039338659,"Lepidoptera",6,2
"357","Nymphalis","T","Nymphalis io",0.0586732388723576,0.0146683097180894,"Lepidoptera",4,2
"358","Nymphalis","V","Nymphalis io",0.0611993474976351,0.0152998368744088,"Lepidoptera",4,2
"359","Nymphalis","W","Nymphalis io",0.010539183316767,0.010539183316767,"Lepidoptera",1,2
"360","Nymphalis","Y","Nymphalis io",0.0302651999370625,0.0151325999685313,"Lepidoptera",2,2
"361","Ostrinia","A","Ostrinia furnacalis",0.0764379579879973,0.0191094894969993,"Lepidoptera",4,43
"362","Ostrinia","C","Ostrinia furnacalis",0.0203182883527687,0.0101591441763844,"Lepidoptera",2,43
"363","Ostrinia","D","Ostrinia furnacalis",0.0562781978738704,0.0187593992912901,"Lepidoptera",3,43
"364","Ostrinia","E","Ostrinia furnacalis",0.0675560852545346,0.0337780426272673,"Lepidoptera",2,43
"365","Ostrinia","F","Ostrinia furnacalis",0.0334141176632938,0.0167070588316469,"Lepidoptera",2,43
"366","Ostrinia","G","Ostrinia furnacalis",0.0569101230714291,0.0142275307678573,"Lepidoptera",4,43
"367","Ostrinia","H","Ostrinia furnacalis",0.025003958998741,0.0125019794993705,"Lepidoptera",2,43
"368","Ostrinia","I","Ostrinia furnacalis",0.0487123451257363,0.0162374483752454,"Lepidoptera",3,43
"369","Ostrinia","K","Ostrinia furnacalis",0.0621604033146875,0.0310802016573437,"Lepidoptera",2,43
"370","Ostrinia","L","Ostrinia furnacalis",0.0882690113139012,0.0147115018856502,"Lepidoptera",6,43
"371","Ostrinia","M","Ostrinia furnacalis",0.0219781227664894,0.0219781227664894,"Lepidoptera",1,43
"372","Ostrinia","N","Ostrinia furnacalis",0.0454749696196282,0.0227374848098141,"Lepidoptera",2,43
"373","Ostrinia","P","Ostrinia furnacalis",0.0588574792428139,0.0147143698107035,"Lepidoptera",4,43
"374","Ostrinia","Q","Ostrinia furnacalis",0.0406637553791475,0.0203318776895738,"Lepidoptera",2,43
"375","Ostrinia","R","Ostrinia furnacalis",0.0585198073629467,0.00975330122715778,"Lepidoptera",6,43
"376","Ostrinia","S","Ostrinia furnacalis",0.0776095860107412,0.0129349310017902,"Lepidoptera",6,43
"377","Ostrinia","T","Ostrinia furnacalis",0.0574095206809511,0.0143523801702378,"Lepidoptera",4,43
"378","Ostrinia","V","Ostrinia furnacalis",0.0633905959096685,0.0158476489774171,"Lepidoptera",4,43
"379","Ostrinia","W","Ostrinia furnacalis",0.0106823126072527,0.0106823126072527,"Lepidoptera",1,43
"380","Ostrinia","Y","Ostrinia furnacalis",0.0303533614634008,0.0151766807317004,"Lepidoptera",2,43
"381","Papilio","A","Papilio machaon",0.0730392737537606,0.0182598184384401,"Lepidoptera",4,101
"382","Papilio","C","Papilio machaon",0.0197072321046187,0.00985361605230937,"Lepidoptera",2,101
"383","Papilio","D","Papilio machaon",0.0551443960649033,0.0183814653549678,"Lepidoptera",3,101
"384","Papilio","E","Papilio machaon",0.0681853867355224,0.0340926933677612,"Lepidoptera",2,101
"385","Papilio","F","Papilio machaon",0.0340986402306232,0.0170493201153116,"Lepidoptera",2,101
"386","Papilio","G","Papilio machaon",0.0573721676267173,0.0143430419066793,"Lepidoptera",4,101
"387","Papilio","H","Papilio machaon",0.0249410469260234,0.0124705234630117,"Lepidoptera",2,101
"388","Papilio","I","Papilio machaon",0.0518202915593394,0.0172734305197798,"Lepidoptera",3,101
"389","Papilio","K","Papilio machaon",0.0630402952713328,0.0315201476356664,"Lepidoptera",2,101
"390","Papilio","L","Papilio machaon",0.0895927501986684,0.0149321250331114,"Lepidoptera",6,101
"391","Papilio","M","Papilio machaon",0.0219098733749838,0.0219098733749838,"Lepidoptera",1,101
"392","Papilio","N","Papilio machaon",0.0473392344756905,0.0236696172378453,"Lepidoptera",2,101
"393","Papilio","P","Papilio machaon",0.0555796680595434,0.0138949170148859,"Lepidoptera",4,101
"394","Papilio","Q","Papilio machaon",0.0403081242299652,0.0201540621149826,"Lepidoptera",2,101
"395","Papilio","R","Papilio machaon",0.0582217057616948,0.00970361762694914,"Lepidoptera",6,101
"396","Papilio","S","Papilio machaon",0.076260363247812,0.012710060541302,"Lepidoptera",6,101
"397","Papilio","T","Papilio machaon",0.0584714740018982,0.0146178685004745,"Lepidoptera",4,101
"398","Papilio","V","Papilio machaon",0.0629799633884265,0.0157449908471066,"Lepidoptera",4,101
"399","Papilio","W","Papilio machaon",0.0110133981861109,0.0110133981861109,"Lepidoptera",1,101
"400","Papilio","Y","Papilio machaon",0.0309747148023651,0.0154873574011826,"Lepidoptera",2,101
"401","Papilio","A","Papilio polytes",0.0689982938381382,0.0172495734595345,"Lepidoptera",4,93
"402","Papilio","C","Papilio polytes",0.0200053687736078,0.0100026843868039,"Lepidoptera",2,93
"403","Papilio","D","Papilio polytes",0.0556186317460742,0.0185395439153581,"Lepidoptera",3,93
"404","Papilio","E","Papilio polytes",0.067249860048873,0.0336249300244365,"Lepidoptera",2,93
"405","Papilio","F","Papilio polytes",0.0356133823846908,0.0178066911923454,"Lepidoptera",2,93
"406","Papilio","G","Papilio polytes",0.0561773615439141,0.0140443403859785,"Lepidoptera",4,93
"407","Papilio","H","Papilio polytes",0.0249786490942822,0.0124893245471411,"Lepidoptera",2,93
"408","Papilio","I","Papilio polytes",0.0540373750709309,0.018012458356977,"Lepidoptera",3,93
"409","Papilio","K","Papilio polytes",0.0647868635089617,0.0323934317544808,"Lepidoptera",2,93
"410","Papilio","L","Papilio polytes",0.0900989115336924,0.0150164852556154,"Lepidoptera",6,93
"411","Papilio","M","Papilio polytes",0.0224634694123199,0.0224634694123199,"Lepidoptera",1,93
"412","Papilio","N","Papilio polytes",0.0494666333586169,0.0247333166793084,"Lepidoptera",2,93
"413","Papilio","P","Papilio polytes",0.0537341874332486,0.0134335468583121,"Lepidoptera",4,93
"414","Papilio","Q","Papilio polytes",0.0400122899061324,0.0200061449530662,"Lepidoptera",2,93
"415","Papilio","R","Papilio polytes",0.055891846915439,0.00931530781923983,"Lepidoptera",6,93
"416","Papilio","S","Papilio polytes",0.076267990645724,0.0127113317742873,"Lepidoptera",6,93
"417","Papilio","T","Papilio polytes",0.0581049136697383,0.0145262284174346,"Lepidoptera",4,93
"418","Papilio","V","Papilio polytes",0.0630697157224822,0.0157674289306205,"Lepidoptera",4,93
"419","Papilio","W","Papilio polytes",0.0108259122616293,0.0108259122616293,"Lepidoptera",1,93
"420","Papilio","Y","Papilio polytes",0.0325983431315044,0.0162991715657522,"Lepidoptera",2,93
"421","Pararge","A","Pararge aegeria",0.0713779167088508,0.0178444791772127,"Lepidoptera",4,24
"422","Pararge","C","Pararge aegeria",0.0192776859043714,0.0096388429521857,"Lepidoptera",2,24
"423","Pararge","D","Pararge aegeria",0.0559881369543546,0.0186627123181182,"Lepidoptera",3,24
"424","Pararge","E","Pararge aegeria",0.070334723704967,0.0351673618524835,"Lepidoptera",2,24
"425","Pararge","F","Pararge aegeria",0.0334408064118651,0.0167204032059325,"Lepidoptera",2,24
"426","Pararge","G","Pararge aegeria",0.0550678071507014,0.0137669517876753,"Lepidoptera",4,24
"427","Pararge","H","Pararge aegeria",0.024959142264933,0.0124795711324665,"Lepidoptera",2,24
"428","Pararge","I","Pararge aegeria",0.0522511860402153,0.0174170620134051,"Lepidoptera",3,24
"429","Pararge","K","Pararge aegeria",0.064668023554067,0.0323340117770335,"Lepidoptera",2,24
"430","Pararge","L","Pararge aegeria",0.0890949953486375,0.0148491658914396,"Lepidoptera",6,24
"431","Pararge","M","Pararge aegeria",0.021423728032482,0.021423728032482,"Lepidoptera",1,24
"432","Pararge","N","Pararge aegeria",0.0473537026368084,0.0236768513184042,"Lepidoptera",2,24
"433","Pararge","P","Pararge aegeria",0.0557386228637131,0.0139346557159283,"Lepidoptera",4,24
"434","Pararge","Q","Pararge aegeria",0.0413568421585068,0.0206784210792534,"Lepidoptera",2,24
"435","Pararge","R","Pararge aegeria",0.0577620385222295,0.00962700642037159,"Lepidoptera",6,24
"436","Pararge","S","Pararge aegeria",0.0781271071492573,0.0130211845248762,"Lepidoptera",6,24
"437","Pararge","T","Pararge aegeria",0.058841135672616,0.014710283918154,"Lepidoptera",4,24
"438","Pararge","V","Pararge aegeria",0.0626076779162906,0.0156519194790727,"Lepidoptera",4,24
"439","Pararge","W","Pararge aegeria",0.0105506899080388,0.0105506899080388,"Lepidoptera",1,24
"440","Pararge","Y","Pararge aegeria",0.0297780310970942,0.0148890155485471,"Lepidoptera",2,24
"441","Pectinophora","A","Pectinophora gossypiella",0.0730181014247246,0.0182545253561812,"Lepidoptera",4,73
"442","Pectinophora","C","Pectinophora gossypiella",0.018926726004201,0.00946336300210048,"Lepidoptera",2,73
"443","Pectinophora","D","Pectinophora gossypiella",0.0571997374651164,0.0190665791550388,"Lepidoptera",3,73
"444","Pectinophora","E","Pectinophora gossypiella",0.0751010749240617,0.0375505374620309,"Lepidoptera",2,73
"445","Pectinophora","F","Pectinophora gossypiella",0.0303666466668835,0.0151833233334418,"Lepidoptera",2,73
"446","Pectinophora","G","Pectinophora gossypiella",0.0556629626263416,0.0139157406565854,"Lepidoptera",4,73
"447","Pectinophora","H","Pectinophora gossypiella",0.0242332307855354,0.0121166153927677,"Lepidoptera",2,73
"448","Pectinophora","I","Pectinophora gossypiella",0.0499408558677452,0.0166469519559151,"Lepidoptera",3,73
"449","Pectinophora","K","Pectinophora gossypiella",0.0680737391668307,0.0340368695834154,"Lepidoptera",2,73
"450","Pectinophora","L","Pectinophora gossypiella",0.0843813543888904,0.0140635590648151,"Lepidoptera",6,73
"451","Pectinophora","M","Pectinophora gossypiella",0.0202876950356156,0.0202876950356156,"Lepidoptera",1,73
"452","Pectinophora","N","Pectinophora gossypiella",0.0439690927890441,0.021984546394522,"Lepidoptera",2,73
"453","Pectinophora","P","Pectinophora gossypiella",0.0605028877831062,0.0151257219457766,"Lepidoptera",4,73
"454","Pectinophora","Q","Pectinophora gossypiella",0.0416714094883488,0.0208357047441744,"Lepidoptera",2,73
"455","Pectinophora","R","Pectinophora gossypiella",0.056041941188564,0.00934032353142733,"Lepidoptera",6,73
"456","Pectinophora","S","Pectinophora gossypiella",0.075697982928525,0.0126163304880875,"Lepidoptera",6,73
"457","Pectinophora","T","Pectinophora gossypiella",0.0626727245104217,0.0156681811276054,"Lepidoptera",4,73
"458","Pectinophora","V","Pectinophora gossypiella",0.0640447610573703,0.0160111902643426,"Lepidoptera",4,73
"459","Pectinophora","W","Pectinophora gossypiella",0.01018895602809,0.01018895602809,"Lepidoptera",1,73
"460","Pectinophora","Y","Pectinophora gossypiella",0.0280181198705839,0.0140090599352919,"Lepidoptera",2,73
"461","Pieris","A","Pieris brassicae",0.0681176653985243,0.0170294163496311,"Lepidoptera",4,65
"462","Pieris","C","Pieris brassicae",0.0200964471225123,0.0100482235612562,"Lepidoptera",2,65
"463","Pieris","D","Pieris brassicae",0.0558503759297641,0.018616791976588,"Lepidoptera",3,65
"464","Pieris","E","Pieris brassicae",0.0674168917890204,0.0337084458945102,"Lepidoptera",2,65
"465","Pieris","F","Pieris brassicae",0.0336627482102309,0.0168313741051154,"Lepidoptera",2,65
"466","Pieris","G","Pieris brassicae",0.0627354179106276,0.0156838544776569,"Lepidoptera",4,65
"467","Pieris","H","Pieris brassicae",0.0245877792266815,0.0122938896133408,"Lepidoptera",2,65
"468","Pieris","I","Pieris brassicae",0.052087251202444,0.0173624170674813,"Lepidoptera",3,65
"469","Pieris","K","Pieris brassicae",0.0610894676538074,0.0305447338269037,"Lepidoptera",2,65
"470","Pieris","L","Pieris brassicae",0.0880007808771788,0.0146667968128631,"Lepidoptera",6,65
"471","Pieris","M","Pieris brassicae",0.0213123238166706,0.0213123238166706,"Lepidoptera",1,65
"472","Pieris","N","Pieris brassicae",0.0479289135008011,0.0239644567504005,"Lepidoptera",2,65
"473","Pieris","P","Pieris brassicae",0.0578345496773615,0.0144586374193404,"Lepidoptera",4,65
"474","Pieris","Q","Pieris brassicae",0.0417889029198547,0.0208944514599273,"Lepidoptera",2,65
"475","Pieris","R","Pieris brassicae",0.0564924928101931,0.00941541546836552,"Lepidoptera",6,65
"476","Pieris","S","Pieris brassicae",0.0797273780737661,0.0132878963456277,"Lepidoptera",6,65
"477","Pieris","T","Pieris brassicae",0.0595371104982889,0.0148842776245722,"Lepidoptera",4,65
"478","Pieris","V","Pieris brassicae",0.0604885772082838,0.0151221443020709,"Lepidoptera",4,65
"479","Pieris","W","Pieris brassicae",0.0105730648754791,0.0105730648754791,"Lepidoptera",1,65
"480","Pieris","Y","Pieris brassicae",0.0306718612985099,0.015335930649255,"Lepidoptera",2,65
"481","Pieris","A","Pieris napi",0.0677750698473606,0.0169437674618402,"Lepidoptera",4,99
"482","Pieris","C","Pieris napi",0.0195491713930064,0.00977458569650322,"Lepidoptera",2,99
"483","Pieris","D","Pieris napi",0.0560084093509775,0.0186694697836592,"Lepidoptera",3,99
"484","Pieris","E","Pieris napi",0.0683209462001805,0.0341604731000903,"Lepidoptera",2,99
"485","Pieris","F","Pieris napi",0.0334346886815495,0.0167173443407748,"Lepidoptera",2,99
"486","Pieris","G","Pieris napi",0.059312626786241,0.0148281566965603,"Lepidoptera",4,99
"487","Pieris","H","Pieris napi",0.0245806830062029,0.0122903415031015,"Lepidoptera",2,99
"488","Pieris","I","Pieris napi",0.0524101120773206,0.0174700373591069,"Lepidoptera",3,99
"489","Pieris","K","Pieris napi",0.0627121516494813,0.0313560758247407,"Lepidoptera",2,99
"490","Pieris","L","Pieris napi",0.0871420558573586,0.0145236759762264,"Lepidoptera",6,99
"491","Pieris","M","Pieris napi",0.0209977491267848,0.0209977491267848,"Lepidoptera",1,99
"492","Pieris","N","Pieris napi",0.0482058444662991,0.0241029222331496,"Lepidoptera",2,99
"493","Pieris","P","Pieris napi",0.0579785267334276,0.0144946316833569,"Lepidoptera",4,99
"494","Pieris","Q","Pieris napi",0.0422108576913944,0.0211054288456972,"Lepidoptera",2,99
"495","Pieris","R","Pieris napi",0.0568809957600431,0.00948016596000718,"Lepidoptera",6,99
"496","Pieris","S","Pieris napi",0.0806682886150927,0.0134447147691821,"Lepidoptera",6,99
"497","Pieris","T","Pieris napi",0.0595824379001068,0.0148956094750267,"Lepidoptera",4,99
"498","Pieris","V","Pieris napi",0.0611283624504777,0.0152820906126194,"Lepidoptera",4,99
"499","Pieris","W","Pieris napi",0.0107578429277844,0.0107578429277844,"Lepidoptera",1,99
"500","Pieris","Y","Pieris napi",0.0303431794789104,0.0151715897394552,"Lepidoptera",2,99
"501","Pieris","A","Pieris rapae",0.0664932872688969,0.0166233218172242,"Lepidoptera",4,133
"502","Pieris","C","Pieris rapae",0.0184936738317018,0.0092468369158509,"Lepidoptera",2,133
"503","Pieris","D","Pieris rapae",0.0570517945693568,0.0190172648564523,"Lepidoptera",3,133
"504","Pieris","E","Pieris rapae",0.0737605088624804,0.0368802544312402,"Lepidoptera",2,133
"505","Pieris","F","Pieris rapae",0.0324226659190997,0.0162113329595499,"Lepidoptera",2,133
"506","Pieris","G","Pieris rapae",0.057772693692451,0.0144431734231127,"Lepidoptera",4,133
"507","Pieris","H","Pieris rapae",0.0242572500237442,0.0121286250118721,"Lepidoptera",2,133
"508","Pieris","I","Pieris rapae",0.0539335405659109,0.0179778468553036,"Lepidoptera",3,133
"509","Pieris","K","Pieris rapae",0.0653908888506795,0.0326954444253397,"Lepidoptera",2,133
"510","Pieris","L","Pieris rapae",0.0857820044742619,0.0142970007457103,"Lepidoptera",6,133
"511","Pieris","M","Pieris rapae",0.0203407698690497,0.0203407698690497,"Lepidoptera",1,133
"512","Pieris","N","Pieris rapae",0.0465680145464509,0.0232840072732255,"Lepidoptera",2,133
"513","Pieris","P","Pieris rapae",0.0571461928591057,0.0142865482147764,"Lepidoptera",4,133
"514","Pieris","Q","Pieris rapae",0.0412176930895316,0.0206088465447658,"Lepidoptera",2,133
"515","Pieris","R","Pieris rapae",0.0563023227838482,0.00938372046397471,"Lepidoptera",6,133
"516","Pieris","S","Pieris rapae",0.0771735314718473,0.0128622552453079,"Lepidoptera",6,133
"517","Pieris","T","Pieris rapae",0.062722563860443,0.0156806409651108,"Lepidoptera",4,133
"518","Pieris","V","Pieris rapae",0.0634834647109174,0.0158708661777293,"Lepidoptera",4,133
"519","Pieris","W","Pieris rapae",0.0105226967124729,0.0105226967124729,"Lepidoptera",1,133
"520","Pieris","Y","Pieris rapae",0.0291644420377502,0.0145822210188751,"Lepidoptera",2,133
"521","Plodia","A","Plodia interpunctella",0.0735505532219658,0.0183876383054914,"Lepidoptera",4,81
"522","Plodia","C","Plodia interpunctella",0.0201447266587095,0.0100723633293547,"Lepidoptera",2,81
"523","Plodia","D","Plodia interpunctella",0.0565350837276489,0.0188450279092163,"Lepidoptera",3,81
"524","Plodia","E","Plodia interpunctella",0.0690734984543813,0.0345367492271906,"Lepidoptera",2,81
"525","Plodia","F","Plodia interpunctella",0.0325058152286397,0.0162529076143198,"Lepidoptera",2,81
"526","Plodia","G","Plodia interpunctella",0.0563112428704192,0.0140778107176048,"Lepidoptera",4,81
"527","Plodia","H","Plodia interpunctella",0.0248819786010992,0.0124409893005496,"Lepidoptera",2,81
"528","Plodia","I","Plodia interpunctella",0.0503303316005073,0.0167767772001691,"Lepidoptera",3,81
"529","Plodia","K","Plodia interpunctella",0.0632709826447296,0.0316354913223648,"Lepidoptera",2,81
"530","Plodia","L","Plodia interpunctella",0.0875474978655515,0.0145912496442586,"Lepidoptera",6,81
"531","Plodia","M","Plodia interpunctella",0.0211388224402598,0.0211388224402598,"Lepidoptera",1,81
"532","Plodia","N","Plodia interpunctella",0.0459452963360673,0.0229726481680337,"Lepidoptera",2,81
"533","Plodia","P","Plodia interpunctella",0.0585904037856194,0.0146476009464048,"Lepidoptera",4,81
"534","Plodia","Q","Plodia interpunctella",0.0413616082514108,0.0206808041257054,"Lepidoptera",2,81
"535","Plodia","R","Plodia interpunctella",0.0583745232985778,0.00972908721642963,"Lepidoptera",6,81
"536","Plodia","S","Plodia interpunctella",0.0791892279795369,0.0131982046632561,"Lepidoptera",6,81
"537","Plodia","T","Plodia interpunctella",0.0583107215255776,0.0145776803813944,"Lepidoptera",4,81
"538","Plodia","V","Plodia interpunctella",0.0628183108474658,0.0157045777118664,"Lepidoptera",4,81
"539","Plodia","W","Plodia interpunctella",0.0105937081709279,0.0105937081709279,"Lepidoptera",1,81
"540","Plodia","Y","Plodia interpunctella",0.0295256664909049,0.0147628332454524,"Lepidoptera",2,81
"541","Plutella","A","Plutella xylostella",0.0797361829229653,0.0199340457307413,"Lepidoptera",4,103
"542","Plutella","C","Plutella xylostella",0.021465376037674,0.010732688018837,"Lepidoptera",2,103
"543","Plutella","D","Plutella xylostella",0.055349705923907,0.0184499019746357,"Lepidoptera",3,103
"544","Plutella","E","Plutella xylostella",0.0663022388803573,0.0331511194401787,"Lepidoptera",2,103
"545","Plutella","F","Plutella xylostella",0.0325866143745652,0.0162933071872826,"Lepidoptera",2,103
"546","Plutella","G","Plutella xylostella",0.0590832875848363,0.0147708218962091,"Lepidoptera",4,103
"547","Plutella","H","Plutella xylostella",0.0253780643449098,0.0126890321724549,"Lepidoptera",2,103
"548","Plutella","I","Plutella xylostella",0.0465384941787976,0.0155128313929325,"Lepidoptera",3,103
"549","Plutella","K","Plutella xylostella",0.0604750084766377,0.0302375042383188,"Lepidoptera",2,103
"550","Plutella","L","Plutella xylostella",0.0868025823191245,0.0144670970531874,"Lepidoptera",6,103
"551","Plutella","M","Plutella xylostella",0.0211757953402802,0.0211757953402802,"Lepidoptera",1,103
"552","Plutella","N","Plutella xylostella",0.0442452514478444,0.0221226257239222,"Lepidoptera",2,103
"553","Plutella","P","Plutella xylostella",0.0613251543662111,0.0153312885915528,"Lepidoptera",4,103
"554","Plutella","Q","Plutella xylostella",0.0411478017515574,0.0205739008757787,"Lepidoptera",2,103
"555","Plutella","R","Plutella xylostella",0.0586056173297067,0.00976760288828444,"Lepidoptera",6,103
"556","Plutella","S","Plutella xylostella",0.0787274177289419,0.013121236288157,"Lepidoptera",6,103
"557","Plutella","T","Plutella xylostella",0.0583455068855986,0.0145863767213997,"Lepidoptera",4,103
"558","Plutella","V","Plutella xylostella",0.0625383201939868,0.0156345800484967,"Lepidoptera",4,103
"559","Plutella","W","Plutella xylostella",0.0104845547899681,0.0104845547899681,"Lepidoptera",1,103
"560","Plutella","Y","Plutella xylostella",0.0296870251221302,0.0148435125610651,"Lepidoptera",2,103
"561","Spodoptera","A","Spodoptera frugiperda",0.0732975217848818,0.0183243804462205,"Lepidoptera",4,177
"562","Spodoptera","C","Spodoptera frugiperda",0.0199712587882446,0.00998562939412232,"Lepidoptera",2,177
"563","Spodoptera","D","Spodoptera frugiperda",0.0565643334520678,0.0188547778173559,"Lepidoptera",3,177
"564","Spodoptera","E","Spodoptera frugiperda",0.069545609795082,0.034772804897541,"Lepidoptera",2,177
"565","Spodoptera","F","Spodoptera frugiperda",0.0313155484219496,0.0156577742109748,"Lepidoptera",2,177
"566","Spodoptera","G","Spodoptera frugiperda",0.0592357546619684,0.0148089386654921,"Lepidoptera",4,177
"567","Spodoptera","H","Spodoptera frugiperda",0.0252087474691289,0.0126043737345645,"Lepidoptera",2,177
"568","Spodoptera","I","Spodoptera frugiperda",0.0478789042248158,0.0159596347416053,"Lepidoptera",3,177
"569","Spodoptera","K","Spodoptera frugiperda",0.0615528042046033,0.0307764021023017,"Lepidoptera",2,177
"570","Spodoptera","L","Spodoptera frugiperda",0.0842826771133473,0.0140471128522246,"Lepidoptera",6,177
"571","Spodoptera","M","Spodoptera frugiperda",0.0208754272897481,0.0208754272897481,"Lepidoptera",1,177
"572","Spodoptera","N","Spodoptera frugiperda",0.0459060206966452,0.0229530103483226,"Lepidoptera",2,177
"573","Spodoptera","P","Spodoptera frugiperda",0.0627464992255741,0.0156866248063935,"Lepidoptera",4,177
"574","Spodoptera","Q","Spodoptera frugiperda",0.0423267674175689,0.0211633837087845,"Lepidoptera",2,177
"575","Spodoptera","R","Spodoptera frugiperda",0.0578672551263517,0.00964454252105862,"Lepidoptera",6,177
"576","Spodoptera","S","Spodoptera frugiperda",0.0777304386682659,0.0129550731113777,"Lepidoptera",6,177
"577","Spodoptera","T","Spodoptera frugiperda",0.0611465145497543,0.0152866286374386,"Lepidoptera",4,177
"578","Spodoptera","V","Spodoptera frugiperda",0.0629958835106901,0.0157489708776725,"Lepidoptera",4,177
"579","Spodoptera","W","Spodoptera frugiperda",0.0101423254171312,0.0101423254171312,"Lepidoptera",1,177
"580","Spodoptera","Y","Spodoptera frugiperda",0.0294097081821806,0.0147048540910903,"Lepidoptera",2,177
"581","Spodoptera","A","Spodoptera litura",0.0736069953934283,0.0184017488483571,"Lepidoptera",4,458
"582","Spodoptera","C","Spodoptera litura",0.0186728982285752,0.00933644911428758,"Lepidoptera",2,458
"583","Spodoptera","D","Spodoptera litura",0.0562326609345041,0.0187442203115014,"Lepidoptera",3,458
"584","Spodoptera","E","Spodoptera litura",0.067342040466403,0.0336710202332015,"Lepidoptera",2,458
"585","Spodoptera","F","Spodoptera litura",0.0329927848641028,0.0164963924320514,"Lepidoptera",2,458
"586","Spodoptera","G","Spodoptera litura",0.0591138221545258,0.0147784555386314,"Lepidoptera",4,458
"587","Spodoptera","H","Spodoptera litura",0.0254977411577326,0.0127488705788663,"Lepidoptera",2,458
"588","Spodoptera","I","Spodoptera litura",0.0503612562424617,0.0167870854141539,"Lepidoptera",3,458
"589","Spodoptera","K","Spodoptera litura",0.0626485358983032,0.0313242679491516,"Lepidoptera",2,458
"590","Spodoptera","L","Spodoptera litura",0.0862857985403535,0.0143809664233923,"Lepidoptera",6,458
"591","Spodoptera","M","Spodoptera litura",0.0219834396203677,0.0219834396203677,"Lepidoptera",1,458
"592","Spodoptera","N","Spodoptera litura",0.0465375867256382,0.0232687933628191,"Lepidoptera",2,458
"593","Spodoptera","P","Spodoptera litura",0.0603695347674525,0.0150923836918631,"Lepidoptera",4,458
"594","Spodoptera","Q","Spodoptera litura",0.0414221575079678,0.0207110787539839,"Lepidoptera",2,458
"595","Spodoptera","R","Spodoptera litura",0.0560438842170431,0.00934064736950719,"Lepidoptera",6,458
"596","Spodoptera","S","Spodoptera litura",0.0768923472539032,0.0128153912089839,"Lepidoptera",6,458
"597","Spodoptera","T","Spodoptera litura",0.0591420518016921,0.014785512950423,"Lepidoptera",4,458
"598","Spodoptera","V","Spodoptera litura",0.0631638355346547,0.0157909588836637,"Lepidoptera",4,458
"599","Spodoptera","W","Spodoptera litura",0.0105966133254213,0.0105966133254213,"Lepidoptera",1,458
"600","Spodoptera","Y","Spodoptera litura",0.0310940153654693,0.0155470076827347,"Lepidoptera",2,458
"601","Trichoplusia","A","Trichoplusia ni",0.0739241246293423,0.0184810311573356,"Lepidoptera",4,126
"602","Trichoplusia","C","Trichoplusia ni",0.0188099641868084,0.00940498209340421,"Lepidoptera",2,126
"603","Trichoplusia","D","Trichoplusia ni",0.0562699373181892,0.0187566457727297,"Lepidoptera",3,126
"604","Trichoplusia","E","Trichoplusia ni",0.0690333111618832,0.0345166555809416,"Lepidoptera",2,126
"605","Trichoplusia","F","Trichoplusia ni",0.0329403835524723,0.0164701917762361,"Lepidoptera",2,126
"606","Trichoplusia","G","Trichoplusia ni",0.0565616291433996,0.0141404072858499,"Lepidoptera",4,126
"607","Trichoplusia","H","Trichoplusia ni",0.0251065867029073,0.0125532933514537,"Lepidoptera",2,126
"608","Trichoplusia","I","Trichoplusia ni",0.0497145942524383,0.0165715314174794,"Lepidoptera",3,126
"609","Trichoplusia","K","Trichoplusia ni",0.0635311924232603,0.0317655962116301,"Lepidoptera",2,126
"610","Trichoplusia","L","Trichoplusia ni",0.0876328978179328,0.0146054829696555,"Lepidoptera",6,126
"611","Trichoplusia","M","Trichoplusia ni",0.0216356173540893,0.0216356173540893,"Lepidoptera",1,126
"612","Trichoplusia","N","Trichoplusia ni",0.0452974829624275,0.0226487414812138,"Lepidoptera",2,126
"613","Trichoplusia","P","Trichoplusia ni",0.0582215546446539,0.0145553886611635,"Lepidoptera",4,126
"614","Trichoplusia","Q","Trichoplusia ni",0.0415611839569199,0.02078059197846,"Lepidoptera",2,126
"615","Trichoplusia","R","Trichoplusia ni",0.0573412809949483,0.00955688016582472,"Lepidoptera",6,126
"616","Trichoplusia","S","Trichoplusia ni",0.0777807242348603,0.0129634540391434,"Lepidoptera",6,126
"617","Trichoplusia","T","Trichoplusia ni",0.0607926458015425,0.0151981614503856,"Lepidoptera",4,126
"618","Trichoplusia","V","Trichoplusia ni",0.0632351192799014,0.0158087798199754,"Lepidoptera",4,126
"619","Trichoplusia","W","Trichoplusia ni",0.0105170200472039,0.0105170200472039,"Lepidoptera",1,126
"620","Trichoplusia","Y","Trichoplusia ni",0.0300927495348191,0.0150463747674096,"Lepidoptera",2,126
"621","Vanessa","A","Vanessa atalanta",0.0717113670867948,0.0179278417716987,"Lepidoptera",4,56
"622","Vanessa","C","Vanessa atalanta",0.019812442028481,0.00990622101424049,"Lepidoptera",2,56
"623","Vanessa","D","Vanessa atalanta",0.056112058306933,0.0187040194356443,"Lepidoptera",3,56
"624","Vanessa","E","Vanessa atalanta",0.0674683715971481,0.0337341857985741,"Lepidoptera",2,56
"625","Vanessa","F","Vanessa atalanta",0.0329887846661847,0.0164943923330923,"Lepidoptera",2,56
"626","Vanessa","G","Vanessa atalanta",0.0605136041481128,0.0151284010370282,"Lepidoptera",4,56
"627","Vanessa","H","Vanessa atalanta",0.0246021970030189,0.0123010985015094,"Lepidoptera",2,56
"628","Vanessa","I","Vanessa atalanta",0.0512998654054352,0.0170999551351451,"Lepidoptera",3,56
"629","Vanessa","K","Vanessa atalanta",0.0618890820677078,0.0309445410338539,"Lepidoptera",2,56
"630","Vanessa","L","Vanessa atalanta",0.0870280569778158,0.0145046761629693,"Lepidoptera",6,56
"631","Vanessa","M","Vanessa atalanta",0.0208682619812755,0.0208682619812755,"Lepidoptera",1,56
"632","Vanessa","N","Vanessa atalanta",0.0482625785203705,0.0241312892601853,"Lepidoptera",2,56
"633","Vanessa","P","Vanessa atalanta",0.0600047086649664,0.0150011771662416,"Lepidoptera",4,56
"634","Vanessa","Q","Vanessa atalanta",0.0419283187426314,0.0209641593713157,"Lepidoptera",2,56
"635","Vanessa","R","Vanessa atalanta",0.0572345321015791,0.00953908868359652,"Lepidoptera",6,56
"636","Vanessa","S","Vanessa atalanta",0.078417914968836,0.013069652494806,"Lepidoptera",6,56
"637","Vanessa","T","Vanessa atalanta",0.0575979935213786,0.0143994983803446,"Lepidoptera",4,56
"638","Vanessa","V","Vanessa atalanta",0.061139721301149,0.0152849303252872,"Lepidoptera",4,56
"639","Vanessa","W","Vanessa atalanta",0.0106083548940913,0.0106083548940913,"Lepidoptera",1,56
"640","Vanessa","Y","Vanessa atalanta",0.03051178601609,0.015255893008045,"Lepidoptera",2,56
"641","Vanessa","A","Vanessa cardui",0.0746341471891261,0.0186585367972815,"Lepidoptera",4,328
"642","Vanessa","C","Vanessa cardui",0.0193834436343826,0.00969172181719132,"Lepidoptera",2,328
"643","Vanessa","D","Vanessa cardui",0.0561622185672419,0.018720739522414,"Lepidoptera",3,328
"644","Vanessa","E","Vanessa cardui",0.0676270981744503,0.0338135490872251,"Lepidoptera",2,328
"645","Vanessa","F","Vanessa cardui",0.0332845906089018,0.0166422953044509,"Lepidoptera",2,328
"646","Vanessa","G","Vanessa cardui",0.0568068215486285,0.0142017053871571,"Lepidoptera",4,328
"647","Vanessa","H","Vanessa cardui",0.0249663536184739,0.012483176809237,"Lepidoptera",2,328
"648","Vanessa","I","Vanessa cardui",0.0516526911457668,0.0172175637152556,"Lepidoptera",3,328
"649","Vanessa","K","Vanessa cardui",0.0621240358975829,0.0310620179487915,"Lepidoptera",2,328
"650","Vanessa","L","Vanessa cardui",0.0889693737559093,0.0148282289593182,"Lepidoptera",6,328
"651","Vanessa","M","Vanessa cardui",0.0212436606220475,0.0212436606220475,"Lepidoptera",1,328
"652","Vanessa","N","Vanessa cardui",0.04836555479386,0.02418277739693,"Lepidoptera",2,328
"653","Vanessa","P","Vanessa cardui",0.0564372109430457,0.0141093027357614,"Lepidoptera",4,328
"654","Vanessa","Q","Vanessa cardui",0.0413618074254023,0.0206809037127012,"Lepidoptera",2,328
"655","Vanessa","R","Vanessa cardui",0.0586378450328905,0.00977297417214841,"Lepidoptera",6,328
"656","Vanessa","S","Vanessa cardui",0.0789997054584032,0.0131666175764005,"Lepidoptera",6,328
"657","Vanessa","T","Vanessa cardui",0.0568876249955471,0.0142219062488868,"Lepidoptera",4,328
"658","Vanessa","V","Vanessa cardui",0.061503673950272,0.015375918487568,"Lepidoptera",4,328
"659","Vanessa","W","Vanessa cardui",0.010536856363619,0.010536856363619,"Lepidoptera",1,328
"660","Vanessa","Y","Vanessa cardui",0.0304152862744485,0.0152076431372242,"Lepidoptera",2,328
"661","Vanessa","A","Vanessa tameamea",0.072510075642992,0.018127518910748,"Lepidoptera",4,11
"662","Vanessa","C","Vanessa tameamea",0.0192756848808134,0.00963784244040668,"Lepidoptera",2,11
"663","Vanessa","D","Vanessa tameamea",0.0562987295035064,0.0187662431678355,"Lepidoptera",3,11
"664","Vanessa","E","Vanessa tameamea",0.0682627740064539,0.0341313870032269,"Lepidoptera",2,11
"665","Vanessa","F","Vanessa tameamea",0.0338584907369481,0.016929245368474,"Lepidoptera",2,11
"666","Vanessa","G","Vanessa tameamea",0.0564972155831898,0.0141243038957975,"Lepidoptera",4,11
"667","Vanessa","H","Vanessa tameamea",0.0251748573105136,0.0125874286552568,"Lepidoptera",2,11
"668","Vanessa","I","Vanessa tameamea",0.0523233520286718,0.0174411173428906,"Lepidoptera",3,11
"669","Vanessa","K","Vanessa tameamea",0.0620082531678458,0.0310041265839229,"Lepidoptera",2,11
"670","Vanessa","L","Vanessa tameamea",0.0901513876130016,0.0150252312688336,"Lepidoptera",6,11
"671","Vanessa","M","Vanessa tameamea",0.0215785122469711,0.0215785122469711,"Lepidoptera",1,11
"672","Vanessa","N","Vanessa tameamea",0.047928113750375,0.0239640568751875,"Lepidoptera",2,11
"673","Vanessa","P","Vanessa tameamea",0.0556778197992074,0.0139194549498018,"Lepidoptera",4,11
"674","Vanessa","Q","Vanessa tameamea",0.041039780728557,0.0205198903642785,"Lepidoptera",2,11
"675","Vanessa","R","Vanessa tameamea",0.0586203803491711,0.00977006339152852,"Lepidoptera",6,11
"676","Vanessa","S","Vanessa tameamea",0.0790404090616054,0.0131734015102676,"Lepidoptera",6,11
"677","Vanessa","T","Vanessa tameamea",0.0571694700837026,0.0142923675209257,"Lepidoptera",4,11
"678","Vanessa","V","Vanessa tameamea",0.0614249020494174,0.0153562255123543,"Lepidoptera",4,11
"679","Vanessa","W","Vanessa tameamea",0.0106991597039676,0.0106991597039676,"Lepidoptera",1,11
"680","Vanessa","Y","Vanessa tameamea",0.030460631753089,0.0152303158765445,"Lepidoptera",2,11
"681","Zerene","A","Zerene cesonia",0.072766648399759,0.0181916620999398,"Lepidoptera",4,24
"682","Zerene","C","Zerene cesonia",0.0192831130519405,0.00964155652597027,"Lepidoptera",2,24
"683","Zerene","D","Zerene cesonia",0.0561498793012628,0.0187166264337543,"Lepidoptera",3,24
"684","Zerene","E","Zerene cesonia",0.0695435082391351,0.0347717541195676,"Lepidoptera",2,24
"685","Zerene","F","Zerene cesonia",0.034016916173824,0.017008458086912,"Lepidoptera",2,24
"686","Zerene","G","Zerene cesonia",0.056412872548817,0.0141032181372042,"Lepidoptera",4,24
"687","Zerene","H","Zerene cesonia",0.0250171964552798,0.0125085982276399,"Lepidoptera",2,24
"688","Zerene","I","Zerene cesonia",0.052352558142949,0.0174508527143163,"Lepidoptera",3,24
"689","Zerene","K","Zerene cesonia",0.0633178215930302,0.0316589107965151,"Lepidoptera",2,24
"690","Zerene","L","Zerene cesonia",0.0883262290708853,0.0147210381784809,"Lepidoptera",6,24
"691","Zerene","M","Zerene cesonia",0.0217181427094273,0.0217181427094273,"Lepidoptera",1,24
"692","Zerene","N","Zerene cesonia",0.0470753084013545,0.0235376542006773,"Lepidoptera",2,24
"693","Zerene","P","Zerene cesonia",0.0562502281753754,0.0140625570438439,"Lepidoptera",4,24
"694","Zerene","Q","Zerene cesonia",0.0402511986330146,0.0201255993165073,"Lepidoptera",2,24
"695","Zerene","R","Zerene cesonia",0.0576010263980317,0.00960017106633862,"Lepidoptera",6,24
"696","Zerene","S","Zerene cesonia",0.0774408390749823,0.0129068065124971,"Lepidoptera",6,24
"697","Zerene","T","Zerene cesonia",0.0576033443700998,0.0144008360925249,"Lepidoptera",4,24
"698","Zerene","V","Zerene cesonia",0.0631634832861658,0.0157908708215415,"Lepidoptera",4,24
"699","Zerene","W","Zerene cesonia",0.0108812369626144,0.0108812369626144,"Lepidoptera",1,24
"700","Zerene","Y","Zerene cesonia",0.0308284490120513,0.0154142245060257,"Lepidoptera",2,24
